league,id,real_name,name,short,club,position,pass,shot,speed,tackle,keeping
en,allison,Alisson Becker,Allison Baker,Allison,Liverpool,GK,3,1,3,2,5
en,rayo,David Raya,Davi Rayo,Rayo,Arsenal,GK,4,1,3,2,4
en,donnaroma,Gianluigi Donnarumma,Gigi Donnaroma,Donnaroma,Manchester City,GK,2,1,2,2,5
en,vandyke,Virgil van Dijk,Virgil van Dyke,Van Dyke,Liverpool,DF,4,2,3,5,1
en,salibo,William Saliba,Will Salibo,Salibo,Arsenal,DF,3,1,4,5,1
en,magalhao,Gabriel Magalhães,Gabi Magalhao,Magalhao,Arsenal,DF,2,2,3,5,1
en,diaz,Rúben Dias,Ruben Diaz,Diaz,Manchester City,DF,3,1,3,4,1
en,gardiol,Joško Gvardiol,Josko Gardiol,Gardiol,Manchester City,DF,3,1,4,4,1
en,romeiro,Cristian Romero,Cuti Romeiro,Romeiro,Tottenham,DF,2,1,3,5,1
en,cucurello,Marc Cucurella,Marc Cucurello,Cucurello,Chelsea,DF,4,2,4,3,1
en,rize,Declan Rice,Declan Rize,Rize,Arsenal,MF,4,3,3,3,1
en,odegard,Martin Ødegaard,Martin Odegard,Odegard,Arsenal,MF,5,3,3,2,1
en,fernandez,Bruno Fernandes,Bruno Fernandez,Fernandez,Manchester United,MF,5,4,3,2,1
en,parmer,Cole Palmer,Cole Parmer,Parmer,Chelsea,MF,5,4,3,1,1
en,caicido,Moisés Caicedo,Moises Caicido,Caicido,Chelsea,MF,4,2,4,5,1
en,macalastair,Alexis Mac Allister,Alexis Mac Alastair,Mac Alastair,Liverpool,MF,5,3,3,3,1
en,wertz,Florian Wirtz,Florian Wertz,Wertz,Liverpool,MF,5,4,4,2,1
en,rodgers,Morgan Rogers,Morgan Rodgers,Rodgers,Chelsea,MF,3,4,4,2,1
en,holland,Erling Haaland,Erling Holland,Holland,Manchester City,FW,2,5,5,1,1
en,saleh,Mohamed Salah,Mo Saleh,Saleh,Liverpool,FW,4,5,4,1,1
en,sako,Bukayo Saka,Bukayo Sako,Sako,Arsenal,FW,4,4,4,2,1
en,isaac,Alexander Isak,Alex Isaac,Isaac,Liverpool,FW,3,5,4,1,1
en,jokeres,Viktor Gyökeres,Viktor Jokeres,Jokeres,Arsenal,FW,2,5,3,1,1
en,fodden,Phil Foden,Phil Fodden,Fodden,Manchester City,FW,4,4,3,1,1
en,ekitika,Hugo Ekitiké,Hugo Ekitika,Ekitika,Liverpool,FW,2,4,4,1,1
en,barcolo,Bradley Barcola,Bradley Barcolo,Barcolo,Liverpool,FW,3,3,5,1,1
es,cortois,Thibaut Courtois,Tibo Cortois,Cortois,Real Madrid,GK,2,1,2,2,5
es,oblek,Jan Oblak,Jan Oblek,Oblek,Atlético de Madrid,GK,2,1,3,2,5
es,garcio,Joan García,Joan Garcio,Garcio,Barcelona,GK,3,1,3,2,4
es,cubarso,Pau Cubarsí,Pau Cubarso,Cubarso,Barcelona,DF,4,1,3,5,1
es,kounda,Jules Koundé,Jules Kounda,Kounda,Barcelona,DF,3,1,4,4,1
es,baldo,Alejandro Balde,Alex Baldo,Baldo,Barcelona,DF,3,2,5,3,1
es,arnald,Trent Alexander-Arnold,Trent Arnald,Arnald,Real Madrid,DF,5,3,3,3,1
es,huisen,Dean Huijsen,Dean Huisen,Huisen,Real Madrid,DF,4,1,3,4,1
es,militano,Éder Militão,Eder Militano,Militano,Real Madrid,DF,3,1,4,5,1
es,carretas,Álvaro Carreras,Alvaro Carretas,Carretas,Real Madrid,DF,3,2,4,3,1
es,pedrin,Pedri,Pedrín Gonzales,Pedrín,Barcelona,MF,5,3,3,3,1
es,dejonk,Frenkie de Jong,Frankie de Jonk,De Jonk,Barcelona,MF,5,2,3,3,1
es,billingham,Jude Bellingham,Jude Billingham,Billingham,Real Madrid,MF,4,4,4,3,1
es,valverdi,Federico Valverde,Fede Valverdi,Valverdi,Real Madrid,MF,4,4,5,4,1
es,tchouamini,Aurélien Tchouaméni,Aurelien Tchouamini,Tchouamini,Real Madrid,MF,4,2,3,4,1
es,gulen,Arda Güler,Arda Gulen,Gulen,Real Madrid,MF,5,4,3,1,1
es,olmos,Dani Olmo,Dani Olmos,Olmos,Barcelona,MF,4,3,3,2,1
es,rodry,Rodri,Rodry Hernandes,Rodry,Barcelona,MF,5,3,3,5,1
es,mbappo,Kylian Mbappé,Kylian Mbappo,Mbappo,Real Madrid,FW,3,5,5,1,1
es,yamel,Lamine Yamal,Lamine Yamel,Yamel,Barcelona,FW,5,4,5,1,1
es,rafinho,Raphinha,Rafinho,Rafinho,Barcelona,FW,4,5,4,1,1
es,vinizius,Vinícius Júnior,Vinizius Jr,Vinizius,Real Madrid,FW,3,4,5,1,1
es,alvarado,Julián Álvarez,Julian Alvarado,Alvarado,Atlético de Madrid,FW,3,5,4,1,1
es,grizzman,Antoine Griezmann,Antoine Grizzman,Grizzman,Atlético de Madrid,FW,4,4,3,1,1
es,wilhelms,Nico Williams,Nico Wilhelms,Wilhelms,Athletic Club,FW,3,3,5,1,1
es,diomandi,Yan Diomande,Yan Diomandi,Diomandi,Real Madrid,FW,2,4,4,1,1
it,magnan,Mike Maignan,Mike Magnan,Magnan,Milan,GK,3,1,3,2,5
it,summer,Yann Sommer,Yann Summer,Summer,Inter,GK,2,1,2,2,4
it,digregori,Michele Di Gregorio,Michele Di Gregori,Di Gregori,Juventus,GK,2,1,3,2,4
it,bastioni,Alessandro Bastoni,Alessandro Bastioni,Bastioni,Inter,DF,4,2,3,5,1
it,dimarco,Federico Dimarco,Federico Di Marco,Di Marco,Inter,DF,5,3,4,3,1
it,dumfrees,Denzel Dumfries,Denzel Dumfrees,Dumfrees,Inter,DF,3,3,5,3,1
it,bremmer,Gleison Bremer,Gleison Bremmer,Bremmer,Juventus,DF,2,1,3,5,1
it,buonasera,Alessandro Buongiorno,Alessandro Buonasera,Buonasera,Napoli,DF,2,1,3,5,1
it,dilorenzi,Giovanni Di Lorenzo,Giovanni Di Lorenzi,Di Lorenzi,Napoli,DF,3,2,4,4,1
it,tomoro,Fikayo Tomori,Fik Tomoro,Tomoro,Milan,DF,2,1,4,4,1
it,barello,Nicolò Barella,Nicolo Barello,Barello,Inter,MF,5,3,4,4,1
it,calhanoglo,Hakan Çalhanoğlu,Hakan Calhanoglo,Calhanoglo,Inter,MF,5,4,2,3,1
it,mactominay,Scott McTominay,Scott MacTominay,MacTominay,Napoli,MF,4,4,3,4,1
it,debruin,Kevin De Bruyne,Kevin De Bruin,De Bruin,Napoli,MF,5,4,2,2,1
it,lobotko,Stanislav Lobotka,Stanislav Lobotko,Lobotko,Napoli,MF,5,2,3,2,1
it,rabiaux,Adrien Rabiot,Adrien Rabiaux,Rabiaux,Milan,MF,4,3,3,3,1
it,anguisso,Frank Anguissa,Frank Anguisso,Anguisso,Napoli,MF,4,3,4,3,1
it,locatello,Manuel Locatelli,Manuel Locatello,Locatello,Juventus,MF,4,2,3,3,1
it,martines,Lautaro Martínez,Lautaro Martines,Martines,Inter,FW,3,5,4,2,1
it,thurman,Marcus Thuram,Marcus Thurman,Thurman,Inter,FW,3,4,4,1,1
it,leon,Rafael Leão,Rafa Leon,Leon,Milan,FW,3,4,5,1,1
it,pulisek,Christian Pulisic,Chris Pulisek,Pulisek,Milan,FW,4,4,4,1,1
it,yildaz,Kenan Yıldız,Kenan Yildaz,Yildaz,Juventus,FW,4,4,3,1,1
it,dybalo,Paulo Dybala,Paulo Dybalo,Dybalo,Roma,FW,5,4,3,1,1
it,keen,Moise Kean,Moise Keen,Keen,Fiorentina,FW,2,5,3,1,1
it,ramus,Gonçalo Ramos,Goncalo Ramus,Ramus,Milan,FW,3,4,3,1,1
de,neuner,Manuel Neuer,Manuel Neuner,Neuner,Bayern München,GK,4,1,3,2,5
de,kobol,Gregor Kobel,Gregor Kobol,Kobol,Borussia Dortmund,GK,3,1,3,2,5
de,gulaschi,Péter Gulácsi,Peter Gulaschi,Gulaschi,RB Leipzig,GK,2,1,2,2,4
de,upamecana,Dayot Upamecano,Dayot Upamecana,Upamecana,Bayern München,DF,3,1,4,5,1
de,taah,Jonathan Tah,Jonathan Taah,Taah,Bayern München,DF,3,1,3,5,1
de,davis,Alphonso Davies,Alphonso Davis,Davis,Bayern München,DF,3,2,5,4,1
de,schlotterbach,Nico Schlotterbeck,Nico Schlotterbach,Schlotterbach,Borussia Dortmund,DF,4,2,3,5,1
de,grimaldi,Alejandro Grimaldo,Alex Grimaldi,Grimaldi,Bayer Leverkusen,DF,5,4,4,3,1
de,lukebo,Castello Lukeba,Castello Lukebo,Lukebo,RB Leipzig,DF,3,1,4,4,1
de,anten,Waldemar Anton,Waldemar Anten,Anten,Borussia Dortmund,DF,3,1,3,4,1
de,kimmach,Joshua Kimmich,Joshua Kimmach,Kimmach,Bayern München,MF,5,3,3,4,1
de,musialo,Jamal Musiala,Jamal Musialo,Musialo,Bayern München,MF,5,4,4,2,1
de,pavlovitch,Aleksandar Pavlović,Aleks Pavlovitch,Pavlovitch,Bayern München,MF,4,2,3,3,1
de,brant,Julian Brandt,Julian Brant,Brant,Borussia Dortmund,MF,4,4,3,2,1
de,stillner,Angelo Stiller,Angelo Stillner,Stillner,VfB Stuttgart,MF,5,2,3,3,1
de,palacio,Exequiel Palacios,Exequiel Palacio,Palacio,Bayer Leverkusen,MF,4,3,3,4,1
de,nmecho,Felix Nmecha,Felix Nmecho,Nmecho,Borussia Dortmund,MF,4,3,4,3,1
de,jbillingham,Jobe Bellingham,Jobe Billingham,J. Billingham,Borussia Dortmund,MF,3,3,4,3,1
de,cane,Harry Kane,Harry Cane,Cane,Bayern München,FW,4,5,3,1,1
de,olisse,Michael Olise,Mike Olisse,Olisse,Bayern München,FW,5,4,4,1,1
de,diez,Luis Díaz,Luis Diez,Diez,Bayern München,FW,3,4,5,1,1
de,guirassi,Serhou Guirassy,Serhou Guirassi,Guirassi,Borussia Dortmund,FW,2,5,3,1,1
de,adeyemo,Karim Adeyemi,Karim Adeyemo,Adeyemo,Borussia Dortmund,FW,3,3,5,1,1
de,schock,Patrik Schick,Patrik Schock,Schock,Bayer Leverkusen,FW,2,5,3,1,1
de,undaf,Deniz Undav,Deniz Undaf,Undaf,VfB Stuttgart,FW,3,4,3,1,1
de,burkhart,Jonathan Burkardt,Jonathan Burkhart,Burkhart,Eintracht Frankfurt,FW,3,4,4,1,1
mx,malagan,Luis Malagón,Luis Malagan,Malagan,América,GK,3,1,3,2,5
mx,mear,Kevin Mier,Kevin Mear,Mear,Cruz Azul,GK,3,1,3,2,4
mx,rangal,Raúl Rangel,Raul Rangal,Rangal,Chivas,GK,2,1,3,2,4
mx,reyas,Israel Reyes,Israel Reyas,Reyas,América,DF,3,2,4,4,1
mx,caceras,Sebastián Cáceres,Sebastian Caceras,Caceras,América,DF,3,1,3,5,1
mx,alvares,Kevin Álvarez,Kevin Alvares,Alvares,América,DF,4,2,5,3,1
mx,dito,Willer Ditta,Willer Dito,Dito,Cruz Azul,DF,2,1,3,5,1
mx,gallardi,Jesús Gallardo,Jesus Gallardi,Gallardi,Toluca,DF,4,2,4,3,1
mx,artiaga,Gerardo Arteaga,Gerardo Artiaga,Artiaga,Monterrey,DF,3,2,4,4,1
mx,pereiro,Joaquim Pereira,Joaquim Pereiro,Pereiro,Tigres,DF,3,1,3,5,1
mx,fidalgos,Álvaro Fidalgo,Alvaro Fidalgos,Fidalgos,América,MF,5,3,3,3,1
mx,brunetto,Juan Brunetta,Juan Brunetto,Brunetto,Tigres,MF,5,4,3,2,1
mx,gorriarin,Fernando Gorriarán,Fernando Gorriarin,Gorriarin,Tigres,MF,4,3,4,4,1
mx,rodrigues,Carlos Rodríguez,Charly Rodrigues,Rodrigues,Cruz Azul,MF,4,2,3,4,1
mx,faravello,Lorenzo Faravelli,Lorenzo Faravello,Faravello,Cruz Azul,MF,4,3,3,3,1
mx,ruis,Marcel Ruiz,Marcel Ruis,Ruis,Toluca,MF,4,3,3,3,1
mx,canalez,Sergio Canales,Sergio Canalez,Canalez,Monterrey,MF,5,4,2,2,1
mx,alvarada,Roberto Alvarado,Roberto Alvarada,Alvarada,Chivas,MF,4,4,4,2,1
mx,marten,Henry Martín,Henry Marten,Marten,América,FW,3,5,3,1,1
mx,zendejos,Alejandro Zendejas,Alex Zendejos,Zendejos,América,FW,4,4,4,1,1
mx,paulinio,Paulinho,Paulinio,Paulinio,Toluca,FW,3,5,3,1,1
mx,vego,Alexis Vega,Alexis Vego,Vego,Toluca,FW,4,4,3,1,1
mx,sepulvedo,Ángel Sepúlveda,Angel Sepulvedo,Sepulvedo,Cruz Azul,FW,2,4,3,1,1
mx,berteramo,Germán Berterame,German Berteramo,Berteramo,Monterrey,FW,3,4,3,1,1
mx,corria,Ángel Correa,Angel Corria,Corria,Tigres,FW,4,4,4,2,1
mx,gonzalvez,Armando González,Armando Gonzalvez,Gonzalvez,Chivas,FW,2,4,4,1,1
